Product Name,Product Price,Product Rating
Check each product page for other buying options.,N/A,N/A
"Colorbar Cosmetics Flawless Finish Primer, Transparent, 30 ml",₹349,4.2 out of 5 stars
"Lakme Absolute Blur Perfect Matte Face Primer, Makeup Primer for Poreless, Smooth & Long Lasting Makeup - Waterproof Brightening Makeup Base, 30 ml",₹412,4.2 out of 5 stars
"SUGAR POP Perfecting Primer - Infused with Vitamin E l Blurs Pores, Wrinkles & Fine Lines, Hydrating, Lightweight, Gel-Based Matte Finish Formula to keep Makeup Intact l Face Primer for Women l 25",₹359,4.2 out of 5 stars
"Maybelline New York Primer, Oils Absorbing, Moisturises and Smooths Skin, Long-lasting, Fit Me Matte + Poreless Finish, 8g",₹431,4.1 out of 5 stars
Insight Primer | 3 In 1 Oil Free (PRIMER),₹234,4.1 out of 5 stars
INSIGHT COSMETICS PORE MINIMIZER PRIMER,₹88,4.0 out of 5 stars
"Swiss Beauty Real Makeup Base Hightlighting Primer| Skin-Hydrating Poreless Primer With Natural Glow Finish For Face Makeup |Shade - Golden-Tint, 32Ml",₹279,4.1 out of 5 stars
"RENEE Sucker Oil Pulling Stick 5gm, Roll-on Primer Instant Mattifies & Smoothens Skin Texture| Enriched with Cocoa butter, Argan & Macadamia Oil| Reduces Shine Due to Excess Oil, Blurs Pores & Fine Lines",₹359,3.7 out of 5 stars
"Lakme Absolute Blur Perfect Matte Face Primer, Makeup Primer for Poreless, Smooth & Long Lasting Makeup - Waterproof Brightening Makeup Base, 30 ml",₹412,4.2 out of 5 stars
"Colorbar Cosmetics Flawless Finish Primer, Transparent, 30 ml",₹349,4.2 out of 5 stars
MARS Pore Cure Primer for Face Makeup | Long Lasting & Smooth Base with Oil Control (30ml),₹224,4.1 out of 5 stars
"Blue Heaven Flawless Makeup Base Primer For Face Makeup, 30gm",₹260,4.0 out of 5 stars
Insight Cosmetics Prime 'n Perfect Hydrating Primer (10ml),₹110,3.6 out of 5 stars
"Maybelline New York Primer, Reduces Appearance of Pores, Long-lasting, Fit Me Dewy + Smooth Finish, Duo Pack, 30g",₹431,4.3 out of 5 stars
"Maybelline New York Primer, Oils Absorbing, Moisturises and Smooths Skin, Long-lasting, Fit Me Matte + Poreless Finish, 8g",₹431,4.1 out of 5 stars
"Lakme Absolute Blur Perfect Matte Face Primer, Peach, Makeup Primer for Poreless Smooth Long Lasting Makeup - Waterproof Brightening Makeup Base, 10ml",₹235,4.1 out of 5 stars
"Fit Me Photo Perfect Hd Face Primer, Transparent, l Matte Gel Base l Fills Pores & Fine Lines l Makes Makeup Last Longer (PACK OF 1)",₹199,4.3 out of 5 stars
"MARS Primer for Face Makeup For All Skin Types | Perfectly Blurs Pores, Wrinkles and Fine Lines | Oil Control | Lightweight Texture | 30ml",₹296,3.8 out of 5 stars
"Dazller Pristine Finish Primer, 30g, Smoothens Pores, Mattifying, Transfer-proof, Paraben-free, Enriched with Aloe, Centella and Vitamin E, Vegan & Cruelty-free",₹199,4.0 out of 5 stars
MARS Take a Glow Illuminating Primer | Blurs Pores | Dewy Finish Primer for Face Makeup (30ml) 02-LIGHT BEAM,₹179,4.0 out of 5 stars
"Mini Silk Blur Moisturising Primer with Hyaluronic Acid & Avocado Extracts, 8gm",₹199,4.3 out of 5 stars
"RENEE Bollywood Filter Face Primer 15gm| For A Flawless & Smooth Canvas| Blurs Fine Lines, Wrinkles & Pores Instantly| Hydrating, Lightweight & Non-sticky| Cruelty-Free",₹375,4.2 out of 5 stars
"Lakme Absolute Under Cover Gel Face Primer, Transparent Makeup Primer to Prep Skin for Smooth & Long Lasting Makeup - Moisturizing Makeup Base, 30 g",₹495,4.1 out of 5 stars
MARS Pore Cure Primer for Face Makeup | Long Lasting & Smooth Base with Oil Control (30ml),₹224,4.1 out of 5 stars
The Derma Co 2% Niacinamide Pore Minimizing Primer For Pore Minimizing & Mattifying Skin - 30g,₹508,4.4 out of 5 stars
"L'Oreal Paris Smoothing Face Primer, Minimised Pores and Fine Lines, Hydrating with Matte Finish, Ideal Base for Makeup, Magique, 15 ml",₹829,4.2 out of 5 stars
The Derma Co 2% Niacinamide Pore Minimizing Primer For Pore Minimizing & Mattifying Skin - 30g,₹508,4.4 out of 5 stars
"Colorbar New Perfect Match Primer, 30ml",₹613,4.2 out of 5 stars
Iba Photo Perfect Hd Face Primer Transparent 35 Gm l Matte Gel Base l Fills Pores & Fine Lines l Makes Makeup Last Longer,₹287,4.0 out of 5 stars
"Lakme Absolute Under Cover Gel Face Primer, Transparent Makeup Primer to Prep Skin for Smooth & Long Lasting Makeup - Moisturizing Makeup Base, 30 g",₹495,4.1 out of 5 stars
INSIGHT Primer 3 In 1 Oil Free,₹255,4.1 out of 5 stars
RENEE Face Gloss Primer Serum with Hyaluronic Acid Rose Gold 10ml| Nourishes Skin| Radiant glow with Brightens Effect| Lightweight & Non Greasy Formula,₹461,4.0 out of 5 stars
MARS Illuminati Base Dewy Primer with Highlighter | Glowy Dewy Primer for Face Makeup | Natural Finish (45ml) (PINK),₹229,4.0 out of 5 stars
"Blue Heaven Primer & Fixer Combo Set, Transparent, 30 g + 60 ml",₹342,3.8 out of 5 stars
"SUGAR POP Perfecting Primer - Infused with Vitamin E l Blurs Pores, Wrinkles & Fine Lines, Hydrating, Lightweight, Gel-Based Matte Finish Formula to keep Makeup Intact l Face Primer for Women l 25",₹359,4.2 out of 5 stars
"Bridester Fit Me Photo Perfect Hd Face Primer, Transparent, l Matte Gel Base l Fills Pores & Fine Lines l Makes Makeup Last Longer",₹149,N/A
"FACES CANADA Ultime Pro Perfecting Primer, 30 ml | Lightweight Pore Minimizing Face Primer | Makes Makeup Long lasting | Blurs Pores, Fine Lines & Imperfections | Blends Smoothly | Oil Free Matte Look",₹584,4.1 out of 5 stars
Swiss Beauty Pore Minimizer Primer | Oil Control Primer for Flawless Long lasting face makeup base with benefits of Vitamin E and C| 25ml,₹299,4.2 out of 5 stars
Plum Prep Set Go Face Primer | Minimizes Pores | Weightless Formula | 100% Vegan & Cruelty Free | 30 ml,₹378,4.2 out of 5 stars
"Just Herbs 3 in 1 Pore-Refining,Minimizer Mattifying & Hydrating Primer for Face Makeup Normal Oily,Dry and Combination Skin Types 20g",₹517,4.7 out of 5 stars
"SUGAR Cosmetics Prime Sublime Anti-Aging Face Primer, Mattifying, Long-Lasting, Pore Minimizing, Makeup-Skincare Hybrid, 100% Vegan, Cruelty-Free, 15 g",₹419,3.7 out of 5 stars
"RENEE Sucker Oil Pulling Stick 5gm, Roll-on Primer Instant Mattifies & Smoothens Skin Texture| Enriched with Cocoa butter, Argan & Macadamia Oil| Reduces Shine Due to Excess Oil, Blurs Pores & Fine Lines",₹359,3.7 out of 5 stars
"FACESCANADA Vitamin Rich Primer, Clear, 15 g",₹419,3.7 out of 5 stars
"FACES CANADA Ultime Pro Primerizer Primer + Moisturizer, 30 g | Skin Perfecting & Hydrating Face Primer | Flawless Look | Minimizes Pores & Fine Lines | Shea Butter, Vitamin E, Antioxidants Enriched",₹543,4.2 out of 5 stars
"SUGAR Cosmetics The Most Eligiblur Correcting Primer - 01 Peach Precedent (Peach) | Tackle Open Pores, Dark Circles, Wrinkles, Pigmentation & Acne Marks | 30 gm",₹671,4.6 out of 5 stars
"Lotus Makeup Proedit Silk Touch Luminizing Primer, White, 20 g",₹590,3.8 out of 5 stars
"Blue Heaven Flawless Makeup Base Primer, 30g & Blue Heaven Long Lasting Make-Up Fixer, 60ml",₹419,3.8 out of 5 stars
LAKMÉ Absolute Glow Primer 30g,₹562,3.7 out of 5 stars
"SUGAR Cosmetics Prime Sublime Brightening Face Primer, Mattifying, Long-Lasting, Pore Minimizing, Makeup-Skincare Hybrid, 100% Vegan, Cruelty-Free, 15 g",₹410.03,3.5 out of 5 stars
MyGlamm Manish Malhotra Beauty Luminious Moisturising Primer - 28ml,₹476,4.2 out of 5 stars
"Dazller Face Essentials - (Honey R31, 8001),  Moisturizing Liquid Makeup, 12mL + Classique Compact Powder, 9g + Pristine Finish Primer, 10g - Lightweight, Long Stay, No-makeup Look",₹235,5.0 out of 5 stars
"MAPPERZ Perfect Matte Face Makeup Base Primer Makeup Primer for Pore less, Smooth & Long Lasting Makeup Waterproof Makeup Base Gel - 50 ml",₹99,4.2 out of 5 stars
"Skineace Stay Matte HD High- Definition Smoothing Transparent Face Primer, Type Of Packaging: Tube, Packaging Size: 40 ml",₹55,3.3 out of 5 stars
"Lakmé 9To5 Primer+Matte Liquid Concealer 30 Cinnamon, 5.4 Ml",₹247,4.2 out of 5 stars
Swiss Beauty Makeup Primer for Face| Oil-Free Shine | Minimises Pores | Long-Lasting Base | All skin Types | 30g,₹383,4.3 out of 5 stars
LAKMÉ Absolute Blur Perfect Primer - 30 ml (make up primer),₹538,4.2 out of 5 stars
"SUGAR Cosmetics - Face Fwd >> - Primer Stick - Mattifying Primer Stick for All Skin Types, Evens Skin Tone, Longlasting Formula, Lightweight",₹671,3.9 out of 5 stars
"Colorbar New Perfect Match Primer, 30ml",₹613,4.2 out of 5 stars
"RENEE Glass Glow Pre Makeup Oil Primer 10ml| Non Sticky, Smoooth Finish| Hydrates, Repairs & Nourishes skin| Adds Natural Glow to The Skin",₹379,4.0 out of 5 stars
"Maybelline New York Primer, Reduces Appearance of Pores, Long-lasting, Fit Me Dewy + Smooth Finish, Duo Pack, 30g",₹431,4.3 out of 5 stars
MARS Illuminati Base Dewy Primer with Highlighter | Glowy Dewy Primer for Face Makeup | Natural Finish (45ml) (PINK),₹229,4.0 out of 5 stars
"RENEE Bollywood Filter Face Primer 15gm| For A Flawless & Smooth Canvas| Blurs Fine Lines, Wrinkles & Pores Instantly| Hydrating, Lightweight & Non-sticky| Cruelty-Free",₹375,4.2 out of 5 stars
