Product Name,Product Price,Product Rating
Price and other details may vary based on product size and colour.,N/A,N/A
RAG28 Wooden Wall,₹259.05,3.9 out of 5 stars
RAG28 Wooden Enjoy The Little Things Study Office Table,₹259.05,4.5 out of 5 stars
DeArt Premium Moroccan Metal Lantern Lamp Tealight Holder for Indoor,₹389,N/A
DeArt Ethnic Handcrafted Metal Sallow Leaf Abstract Frame Wall,"₹3,699",4.6 out of 5 stars
RAG28 Wooden Wall,₹259.05,3.9 out of 5 stars
"Litleo Set of Mini Decorative,",₹249,4.1 out of 5 stars
Amazon,₹269,N/A
INDULGE,₹799,4.2 out of 5 stars
"eCraftIndia Antique Music Decorative Canon Brass Showpiece (10 cm x 10 cm x 23.75 cm, Red and Brown)",₹349,3.4 out of 5 stars
TIED RIBBONS Cycle Shape Flower Vase with Peonies Bunches,₹499,4.1 out of 5 stars
"Artvibes Gayatri Mantra Decorative Wall Hanging Wooden Art Decoration item for Living Room | Mdf Wall Decoration, Set of 6(WH_3208N)",₹269,4.6 out of 5 stars
PAPER PLANE DESIGN Wall Art Wooden Kitchen,₹229,4.3 out of 5 stars
"Homesake Wall Light Hangings, Antique",₹999,3.8 out of 5 stars
Amazon,₹139,4.2 out of 5 stars
RAG28 wooden multicolor quirky wall,₹259.05,4.5 out of 5 stars
RAG28 wooden multicolor quirky wall,₹259.05,4.5 out of 5 stars
RAG28 Vintage Designer Wooden Wall Hangings,₹259.05,4.1 out of 5 stars
RAG28 Vintage Designer Wooden Wall Hangings,₹259.05,4.3 out of 5 stars
RAG28 Vintage Designer Wooden Wall Hangings,₹259.05,4.4 out of 5 stars
Discount ARA™ 3 Musician Doll Multicolored - Wall,"₹1,804",4.3 out of 5 stars
"Bikri Kendra - Hexagon 20 Golden mirror stickers for wall, hexagon mirror wall stickers, acrylic mirror wall",₹269,3.8 out of 5 stars
Artvibes In This,₹269,4.3 out of 5 stars
"UMAAS Unique Wooden Handicrafts Wooden Wall Rack Shelves White Set of 3 Shelves (4 x 16 x 4, 4 x 12 x 4, 4 x 8 x 4 inches)",₹384,3.5 out of 5 stars
PAPER PLANE DESIGN Set of 11 Wall Painting,₹299,4.0 out of 5 stars
Xtore®,₹899,4.3 out of 5 stars
"Natali Traders Polyresin Baby Hat Monk Buddha Idols Standard Multicolour, 4 Pieces-Car Dashboard-",₹319,4.2 out of 5 stars
Amazon,₹599,4.1 out of 5 stars
Amazon,"₹2,499",4.1 out of 5 stars
Amazon,₹319,4.4 out of 5 stars
"Presto! Oxo-Biodegradable Garbage Bags, Small - 30 bags/roll (Pack of 6, plastic, Black)",₹269,4.3 out of 5 stars
Amazon,₹269,5.0 out of 5 stars
Global Grabbers Polyresin Sitting Buddha Idol Statue Showpiece for HomeDecor Decoration Gift Gifting Items-ORG_BLK-BS2-(00),₹379,4.2 out of 5 stars
RAG28 Vintage Designer Wooden Wall Hangings,₹258.10,4.4 out of 5 stars
Amazon,₹169,4.2 out of 5 stars
Tuxédo 3pc Ancient Bronze - Gold Glass Candle Holders - 3- Candlesticks Holders Gold Glass Candle for,₹990,4.5 out of 5 stars
SATYAM KRAFT 5 Pcs Artificial Chrysanthemum Ball Hydrangea Flower Stick for,₹299,4.1 out of 5 stars
"ArtX Paper Motivational Wall Frames, Inspirational Quotes Wall Frames For",₹659,4.4 out of 5 stars
Amazon,₹399,4.2 out of 5 stars
Amazon,₹399,4.3 out of 5 stars
"Techhark Wall Shelf,",₹399,4.1 out of 5 stars
"Ugaoo Golden Money Plant with Self Watering Flower Pot, Pot Height 4"" and Plant Height 6"", Pack of 1",₹299,4.1 out of 5 stars
DAS Floor Standing 6 Shelves/ Tier Wall Corner Shelf/ Display Rack for,"₹2,115",4.0 out of 5 stars
Amazon,₹669,3.7 out of 5 stars
Artvibes Family Quote Decorative Wall Art MDF Wooden Wall Hanger for Living Room | Bedroom | Gift | Wall Hanging for,₹269,4.4 out of 5 stars
"Desidiya ® 20 Photo Clip LED String Lights for Photo Hanging, Birthday, Festival, Wedding, Party for",₹299,4.1 out of 5 stars
SAF Set of 3 Radha Krishna UV Coated,N/A,4.2 out of 5 stars
SEVLIYA Traders New Small Shiv with 4 Hands-Height-3 Inches-Marble White Finish-for Car and,₹711,3.4 out of 5 stars
Amazon,₹319,N/A
Homesake Table,₹230,4.3 out of 5 stars
Pure Source India Ceramic Clay Candle Operated Aroma Burner (Black; 9 Cm),₹170,4.1 out of 5 stars
PINDIA Acrylic Crystal Strings Bead Curtain with Original Glass Drop (Set of 10) (Multicolor),₹581,4.0 out of 5 stars
Divyakosh Handmade Wall,₹425,4.4 out of 5 stars
Ryme Vastu Feng Shui Evil Eye Wall Hanging with Three Horse for Good Luck Prosperity Zodaic Success Health Wealth Office,₹299,4.4 out of 5 stars
Amazon,₹269,N/A
"Bella Vita Organic Aroma Candles Soy Wax 4 X 60gms Each, Scented Aromatic Fragrance of Vanilla, Cinnamon, Lavender and Rose, up to 15 Hours, Best Gift",₹307,3.9 out of 5 stars
INDULGE,₹799,4.2 out of 5 stars
Amazon,₹229,3.0 out of 5 stars
Gloridec Craft Beautiful Om Wooden Design Wall Hanging/stickable Wall,₹399,4.2 out of 5 stars
Amazon,"₹1,599",4.0 out of 5 stars
Amazon,"₹3,799",N/A
Amazon,₹899,4.2 out of 5 stars
Amazon,₹279,3.9 out of 5 stars
Amazon,₹949,4.1 out of 5 stars
LIFEHAXTORE®,₹929,4.3 out of 5 stars
"RAG28 Designer Wall Mount Wooden Key Holder-KH19,",₹259.05,4.4 out of 5 stars
Amazon,₹899,4.2 out of 5 stars
Xtore®,₹899,4.3 out of 5 stars
Artvibes Good Vibes Only Decorative Wall Art MDF Wooden Hanger for Living Room | Bedroom |,₹269,4.3 out of 5 stars
